{
    "Ar36": {
        "error": 0.00089917877878501341, 
        "fit": "parabolic", 
        "value": 0.0022371662794643085
    }, 
    "Ar37": {
        "error": 0.1384094584849285, 
        "fit": "linear", 
        "value": -0.02773539812771298
    }, 
    "Ar38": {
        "error": 0.22663900646401569, 
        "fit": "linear", 
        "value": -0.043479161686851002
    }, 
    "Ar39": {
        "error": 0.066969777512579765, 
        "fit": "parabolic", 
        "value": 6.1527350744857952
    }, 
    "Ar40": {
        "error": 0.17018555624756743, 
        "fit": "parabolic", 
        "value": 85.250831615795789
    }, 
    "Ar41": {
        "error": 0.12604110972340693, 
        "fit": "average_SEM", 
        "value": 0.23460266525740736
    }
}