{
    "Ar36": {
        "error": 0.00092342661036682433, 
        "fit": "parabolic", 
        "value": 0.0021441108327022993
    }, 
    "Ar37": {
        "error": 0.12444333698342955, 
        "fit": "linear", 
        "value": -0.063676606226598834
    }, 
    "Ar38": {
        "error": 0.19493102381673177, 
        "fit": "linear", 
        "value": -0.031950651164081557
    }, 
    "Ar39": {
        "error": 0.06417938354581576, 
        "fit": "parabolic", 
        "value": 6.1562979925020436
    }, 
    "Ar40": {
        "error": 0.1687606152358303, 
        "fit": "parabolic", 
        "value": 85.216394409452505
    }, 
    "Ar41": {
        "error": 0.12426416704224574, 
        "fit": "average_SEM", 
        "value": -0.039282792929734571
    }
}