{
    "Ar36": {
        "error": 0.0017630562018565031, 
        "fit": "Parabolic", 
        "value": 0.027083055037861355
    }, 
    "Ar37": {
        "error": 0.04734824262339625, 
        "fit": "linear", 
        "value": 0.0084710984146202546
    }, 
    "Ar38": {
        "error": 0.020493015071266558, 
        "fit": "linear", 
        "value": 1.0660633849060166
    }, 
    "Ar39": {
        "error": 0.091238775423697821, 
        "fit": "Parabolic", 
        "value": 91.219083761895661
    }, 
    "Ar40": {
        "error": 0.29167529693376337, 
        "fit": "Parabolic", 
        "value": 1265.2834057156726
    }, 
    "Ar41": {
        "error": 0.10422102255474315, 
        "fit": "linear", 
        "value": 0.11494789736122465
    }
}