{
    "Ar36": {
        "error": 0.00068262487200897691, 
        "fit": "parabolic", 
        "value": 0.00072804035589821921
    }, 
    "Ar37": {
        "error": 0.13517898038744014, 
        "fit": "linear", 
        "value": -0.040833934994981683
    }, 
    "Ar38": {
        "error": 0.17505862489144014, 
        "fit": "linear", 
        "value": -0.098994702152600825
    }, 
    "Ar39": {
        "error": 0.062667304351958247, 
        "fit": "parabolic", 
        "value": 0.0010536728240971745
    }, 
    "Ar40": {
        "error": 0.12365597224347734, 
        "fit": "parabolic", 
        "value": 0.14036916077190276
    }, 
    "Ar41": {
        "error": 0.12689932225642489, 
        "fit": "average_SEM", 
        "value": 0.23426811206853018
    }
}