{
    "AX": {
        "error": 0.06766945075670715, 
        "fit": "average_SEM", 
        "value": 0.365419422959288
    }, 
    "CDD": {
        "error": 0.0009082325423550639, 
        "fit": "average_SEM", 
        "value": 9.069052224125092e-05
    }, 
    "H1": {
        "error": 0.1350449356406188, 
        "fit": "average_SEM", 
        "value": -0.06527712997049093
    }, 
    "H2": {
        "error": 0.15837080552462274, 
        "fit": "average_SEM", 
        "value": -0.1655022253728627
    }, 
    "L1": {
        "error": 0.1343395647546125, 
        "fit": "average_SEM", 
        "value": -0.10651798460554952
    }, 
    "L2": {
        "error": 0.15263357319328336, 
        "fit": "average_SEM", 
        "value": -0.11567349348515563
    }
}