{
    "AX": {
        "error": 0.06098783047644734, 
        "fit": "average_SEM", 
        "value": 0.3818332138160864
    }, 
    "CDD": {
        "error": 4.852262750713302e-05, 
        "fit": "average_SEM", 
        "value": 1.6842515469761567e-05
    }, 
    "H1": {
        "error": 0.19660706904178565, 
        "fit": "average_SEM", 
        "value": -0.06669008230886296
    }, 
    "H2": {
        "error": 0.1475897677708227, 
        "fit": "average_SEM", 
        "value": -0.09884828043432208
    }, 
    "L1": {
        "error": 0.1632223661666421, 
        "fit": "average_SEM", 
        "value": -0.08982237816477816
    }, 
    "L2": {
        "error": 0.20526192757285708, 
        "fit": "average_SEM", 
        "value": -0.06908202104580899
    }
}