{
    "AX": {
        "error": 0.06359765300151099, 
        "fit": "average_SEM", 
        "value": -0.014286266849861324
    }, 
    "CDD": {
        "error": 2.4374420724540924e-05, 
        "fit": "average_SEM", 
        "value": 3.8867343391757455e-06
    }, 
    "H1": {
        "error": 0.11790437773343776, 
        "fit": "average_SEM", 
        "value": 0.03315559398809758
    }, 
    "H2": {
        "error": 0.13044260018001924, 
        "fit": "average_SEM", 
        "value": 0.23979119156332065
    }, 
    "L1": {
        "error": 0.21671854937553756, 
        "fit": "average_SEM", 
        "value": -0.11327432520920411
    }, 
    "L2": {
        "error": 0.1500701824989129, 
        "fit": "average_SEM", 
        "value": -0.05062258187729943
    }
}