{
    "AX": {
        "error": 0.057569237711609246, 
        "fit": "average_SEM", 
        "value": -0.017920405908080285
    }, 
    "CDD": {
        "error": 1.9986499931954458e-05, 
        "fit": "average_SEM", 
        "value": 2.591156226117164e-06
    }, 
    "H1": {
        "error": 0.13349077682542745, 
        "fit": "average_SEM", 
        "value": 0.04882108870078809
    }, 
    "H2": {
        "error": 0.1257922948171384, 
        "fit": "average_SEM", 
        "value": -0.01835076552524697
    }, 
    "L1": {
        "error": 0.17030537192962175, 
        "fit": "average_SEM", 
        "value": -0.09453949128025367
    }, 
    "L2": {
        "error": 0.13577097060396995, 
        "fit": "average_SEM", 
        "value": -0.052215311241646606
    }
}