{
    "AX": {
        "error": 0.07173846777096309, 
        "fit": "average_SEM", 
        "value": -0.017911594244651496
    }, 
    "CDD": {
        "error": 1.4192347150643278e-05, 
        "fit": "average_SEM", 
        "value": 1.295578113058582e-06
    }, 
    "H1": {
        "error": 0.12620065249218923, 
        "fit": "average_SEM", 
        "value": 0.061127531111317995
    }, 
    "H2": {
        "error": 0.12899504003441212, 
        "fit": "average_SEM", 
        "value": 0.2504871372231719
    }, 
    "L1": {
        "error": 0.233638787170761, 
        "fit": "average_SEM", 
        "value": -0.10006366095234019
    }, 
    "L2": {
        "error": 0.12262366830026943, 
        "fit": "average_SEM", 
        "value": -0.044877440383424984
    }
}