{
    "AX": {
        "error": 0.059044870689486335, 
        "fit": "average_SEM", 
        "value": -0.019595429331396495
    }, 
    "CDD": {
        "error": 3.119713176935617e-05, 
        "fit": "average_SEM", 
        "value": 6.47789056529291e-06
    }, 
    "H1": {
        "error": 0.12297254403895727, 
        "fit": "average_SEM", 
        "value": 0.00769090892620928
    }, 
    "H2": {
        "error": 0.13148076142868137, 
        "fit": "average_SEM", 
        "value": -0.04185873302243029
    }, 
    "L1": {
        "error": 0.22484212507897391, 
        "fit": "average_SEM", 
        "value": -0.11453810028421382
    }, 
    "L2": {
        "error": 0.13959746639332607, 
        "fit": "average_SEM", 
        "value": -0.03692343401101728
    }
}