{
    "AX": {
        "error": 0.05639502937284171, 
        "fit": "average_SEM", 
        "value": -0.01249208470302013
    }, 
    "CDD": {
        "error": 2.4374420724540927e-05, 
        "fit": "average_SEM", 
        "value": 3.8867343391757455e-06
    }, 
    "H1": {
        "error": 0.13073177380232398, 
        "fit": "average_SEM", 
        "value": 0.01260495484554364
    }, 
    "H2": {
        "error": 0.1273826528725964, 
        "fit": "average_SEM", 
        "value": 0.2452224448788911
    }, 
    "L1": {
        "error": 0.23231358118131717, 
        "fit": "average_SEM", 
        "value": -0.09633979204809293
    }, 
    "L2": {
        "error": 0.13742774491359372, 
        "fit": "average_SEM", 
        "value": -0.03376367624781172
    }
}