{
    "AX": {
        "error": 0.05936893219607084, 
        "fit": "average_SEM", 
        "value": -0.016893985207692214
    }, 
    "CDD": {
        "error": 8.354877366599415e-05, 
        "fit": "average_SEM", 
        "value": 4.404965608652371e-05
    }, 
    "H1": {
        "error": 0.1209858702244305, 
        "fit": "average_SEM", 
        "value": 0.014385456471548727
    }, 
    "H2": {
        "error": 0.12789162440745414, 
        "fit": "average_SEM", 
        "value": -0.04772018992031614
    }, 
    "L1": {
        "error": 0.19837070787632796, 
        "fit": "average_SEM", 
        "value": -0.11757679694759039
    }, 
    "L2": {
        "error": 0.14399772006904912, 
        "fit": "average_SEM", 
        "value": -0.0668253621290205
    }
}