{
    "AX": {
        "error": 0.06097377106716123, 
        "fit": "average_SEM", 
        "value": -0.024135569794937813
    }, 
    "CDD": {
        "error": 6.56204642249902e-05, 
        "fit": "average_SEM", 
        "value": 3.1093874713405964e-05
    }, 
    "H1": {
        "error": 0.13636401914264576, 
        "fit": "average_SEM", 
        "value": 0.023722277529122947
    }, 
    "H2": {
        "error": 0.13565631136447717, 
        "fit": "average_SEM", 
        "value": -0.046084006522626925
    }, 
    "L1": {
        "error": 0.2035764092154836, 
        "fit": "average_SEM", 
        "value": -0.10303939403189967
    }, 
    "L2": {
        "error": 0.14492086869822357, 
        "fit": "average_SEM", 
        "value": -0.06563448372180573
    }
}