{
    "AX": {
        "error": 0.05878988829990829, 
        "fit": "average_SEM", 
        "value": -0.010762855195935117
    }, 
    "CDD": {
        "error": 4.8115290818110305e-05, 
        "fit": "average_SEM", 
        "value": 5.093153453748932e-07
    }, 
    "H1": {
        "error": 0.11840165096047989, 
        "fit": "average_SEM", 
        "value": -0.0024018985825629596
    }, 
    "H2": {
        "error": 0.10784732924421454, 
        "fit": "average_SEM", 
        "value": -0.016451449332857415
    }, 
    "L1": {
        "error": 0.12592709877671404, 
        "fit": "average_SEM", 
        "value": -0.0695980174609253
    }, 
    "L2": {
        "error": 0.14509047004707246, 
        "fit": "average_SEM", 
        "value": -0.023950763108829657
    }
}