{
    "Ar36": {
        "error": 0.001607170923343997, 
        "fit": "parabolic", 
        "value": 0.015532035060640055
    }, 
    "Ar37": {
        "error": 0.13074388956413904, 
        "fit": "linear", 
        "value": 1.3502418870804074
    }, 
    "Ar38": {
        "error": 0.17527239373800516, 
        "fit": "linear", 
        "value": -0.063711881661328296
    }, 
    "Ar39": {
        "error": 0.063547697131647402, 
        "fit": "parabolic", 
        "value": 1.2216125702494938
    }, 
    "Ar40": {
        "error": 0.12721846627216651, 
        "fit": "parabolic", 
        "value": 5.0598408101954657
    }, 
    "Ar41": {
        "error": 0.13083898074223091, 
        "fit": "average_SEM", 
        "value": -0.031870684746827464
    }
}