{
    "Ar36": {
        "error": 0.0013025042928021559, 
        "fit": "parabolic", 
        "value": 0.010313395292218882
    }, 
    "Ar37": {
        "error": 0.13339395966618617, 
        "fit": "linear", 
        "value": 0.046426489573742985
    }, 
    "Ar38": {
        "error": 0.23364942778682038, 
        "fit": "linear", 
        "value": 0.042246451175351488
    }, 
    "Ar39": {
        "error": 0.066099658247002285, 
        "fit": "parabolic", 
        "value": 10.673047824949492
    }, 
    "Ar40": {
        "error": 0.12302081413173106, 
        "fit": "parabolic", 
        "value": 4.2944744682843385
    }, 
    "Ar41": {
        "error": 0.12627874427433583, 
        "fit": "average_SEM", 
        "value": 0.23495785356964916
    }
}