{
    "Ar36": {
        "error": 0.0014097367418058596, 
        "fit": "parabolic", 
        "value": 0.010861671206369878
    }, 
    "Ar37": {
        "error": 0.14277312624006422, 
        "fit": "linear", 
        "value": 0.013715287397900452
    }, 
    "Ar38": {
        "error": 0.20866270408324791, 
        "fit": "linear", 
        "value": 0.09995802742136832
    }, 
    "Ar39": {
        "error": 0.068236969967075276, 
        "fit": "parabolic", 
        "value": 19.616056057889878
    }, 
    "Ar40": {
        "error": 0.12671070480874388, 
        "fit": "parabolic", 
        "value": 5.689835284373844
    }, 
    "Ar41": {
        "error": 0.13366625013551911, 
        "fit": "average_SEM", 
        "value": -0.042888089365442285
    }
}