{
    "AX": {
        "error": 0.053508118066973955, 
        "fit": "average", 
        "value": -0.15037756650869188
    }, 
    "CDD": {
        "error": 4.52259934128543e-05, 
        "fit": "average", 
        "value": 1.5012385847512633e-05
    }, 
    "H1": {
        "error": 0.03962545225588905, 
        "fit": "average", 
        "value": -0.03015797656491144
    }, 
    "H2": {
        "error": 0.09706601068553786, 
        "fit": "average", 
        "value": 0.04392674700316172
    }, 
    "L1": {
        "error": 0.015173353333219603, 
        "fit": "average", 
        "value": -0.027636238836359035
    }, 
    "L2": {
        "error": 0.04652386983725189, 
        "fit": "average", 
        "value": 0.0012351579529406354
    }
}