{
    "AX": {
        "error": 0.045203237734867625, 
        "fit": "average", 
        "value": -0.174654483860522
    }, 
    "CDD": {
        "error": 3.970711726888598e-05, 
        "fit": "average", 
        "value": 1.1259289385634474e-05
    }, 
    "H1": {
        "error": 0.03991629675606148, 
        "fit": "average", 
        "value": -0.04640844270647706
    }, 
    "H2": {
        "error": 0.0802630753306644, 
        "fit": "average", 
        "value": 0.08192376331302577
    }, 
    "L1": {
        "error": 0.020171588206837853, 
        "fit": "average", 
        "value": -0.03815002596463289
    }, 
    "L2": {
        "error": 0.04065201058954788, 
        "fit": "average", 
        "value": -0.01364028500603653
    }
}