{
    "AX": {
        "error": 0.043764444475919914, 
        "fit": "average", 
        "value": -0.19143272683672283
    }, 
    "CDD": {
        "error": 4.350059586770181e-05, 
        "fit": "average", 
        "value": 1.3761353693553247e-05
    }, 
    "H1": {
        "error": 0.029248672095986663, 
        "fit": "average", 
        "value": -0.04774797621900467
    }, 
    "H2": {
        "error": 0.10972498978319249, 
        "fit": "average", 
        "value": 0.04585149160291245
    }, 
    "L1": {
        "error": 0.017421447519775007, 
        "fit": "average", 
        "value": -0.0429782932073051
    }, 
    "L2": {
        "error": 0.04553906455414341, 
        "fit": "average", 
        "value": -0.013936042180791012
    }
}