{
    "AX": {
        "error": 0.052686984369273895, 
        "fit": "average", 
        "value": -0.17026290159415583
    }, 
    "CDD": {
        "error": 3.5332458386070556e-05, 
        "fit": "average", 
        "value": 8.757225077715703e-06
    }, 
    "H1": {
        "error": 0.042117786705275086, 
        "fit": "average", 
        "value": -0.042312663515443556
    }, 
    "H2": {
        "error": 0.09003779836143128, 
        "fit": "average", 
        "value": 0.032546129720532786
    }, 
    "L1": {
        "error": 0.017594169000972756, 
        "fit": "average", 
        "value": -0.04479960889919944
    }, 
    "L2": {
        "error": 0.04480299339210331, 
        "fit": "average", 
        "value": -0.006476214054872112
    }
}