{
    "AX": {
        "error": 0.049479898991973574, 
        "fit": "average", 
        "value": -0.17867582464783355
    }, 
    "CDD": {
        "error": 3.2855922484644685e-05, 
        "fit": "average", 
        "value": 7.506192923756317e-06
    }, 
    "H1": {
        "error": 0.04092453549353347, 
        "fit": "average", 
        "value": -0.04971285304255334
    }, 
    "H2": {
        "error": 0.0977009215907592, 
        "fit": "average", 
        "value": 0.06727571903158808
    }, 
    "L1": {
        "error": 0.015998249797951707, 
        "fit": "average", 
        "value": -0.03922786308551388
    }, 
    "L2": {
        "error": 0.041843537397729905, 
        "fit": "average", 
        "value": -0.011551894622647928
    }
}