{
    "AX": {
        "error": 0.0533267661213613, 
        "fit": "average", 
        "value": -0.18333431164855543
    }, 
    "CDD": {
        "error": 2.353635319490453e-05, 
        "fit": "average", 
        "value": 3.7530964618781583e-06
    }, 
    "H1": {
        "error": 0.03683817658274083, 
        "fit": "average", 
        "value": -0.04774334686826159
    }, 
    "H2": {
        "error": 0.10372275590530991, 
        "fit": "average", 
        "value": -0.2056810484380172
    }, 
    "L1": {
        "error": 0.019028916901210738, 
        "fit": "average", 
        "value": -0.038867073051892874
    }, 
    "L2": {
        "error": 0.048772415108136465, 
        "fit": "average", 
        "value": -0.0067383248670547105
    }
}