{
    "Ar36": {
        "error": 0.001268627962660699, 
        "fit": "Parabolic", 
        "value": 0.012390181706625812
    }, 
    "Ar37": {
        "error": 0.043949980817920342, 
        "fit": "linear", 
        "value": 0.11180395890508628
    }, 
    "Ar38": {
        "error": 0.019114771573747365, 
        "fit": "linear", 
        "value": 0.24273304443060079
    }, 
    "Ar39": {
        "error": 0.064978739272632008, 
        "fit": "Parabolic", 
        "value": 22.683617217676968
    }, 
    "Ar40": {
        "error": 0.056640504393190808, 
        "fit": "Parabolic", 
        "value": 31.174762575540569
    }, 
    "Ar41": {
        "error": 0.10686504268265579, 
        "fit": "linear", 
        "value": -0.24433232159285731
    }
}