{
    "Ar36": {
        "error": 0.00175497289086059, 
        "fit": "Parabolic", 
        "value": 0.022114606768563277
    }, 
    "Ar37": {
        "error": 0.049329931323165772, 
        "fit": "linear", 
        "value": 0.29920803465271778
    }, 
    "Ar38": {
        "error": 0.021590788764713743, 
        "fit": "linear", 
        "value": 0.78126225272478855
    }, 
    "Ar39": {
        "error": 0.079451538234084768, 
        "fit": "Parabolic", 
        "value": 68.185292360932237
    }, 
    "Ar40": {
        "error": 0.081747647865431469, 
        "fit": "Parabolic", 
        "value": 89.170388048899326
    }, 
    "Ar41": {
        "error": 0.10529109370931532, 
        "fit": "linear", 
        "value": 0.045495625746732014
    }
}