{
    "Ar36": {
        "error": 0.0013577703272530449, 
        "fit": "Parabolic", 
        "value": 0.014335419673707604
    }, 
    "Ar37": {
        "error": 0.043857164776413431, 
        "fit": "linear", 
        "value": 0.067353858016043627
    }, 
    "Ar38": {
        "error": 0.021087301125574196, 
        "fit": "linear", 
        "value": 0.20807978226258894
    }, 
    "Ar39": {
        "error": 0.060805553146819812, 
        "fit": "Parabolic", 
        "value": 19.801405397987882
    }, 
    "Ar40": {
        "error": 0.056495021070169356, 
        "fit": "Parabolic", 
        "value": 28.35701569051086
    }, 
    "Ar41": {
        "error": 0.10793278715231158, 
        "fit": "linear", 
        "value": 0.068773917311322319
    }
}