{
    "Ar36": {
        "error": 0.0013813299732748294, 
        "fit": "Parabolic", 
        "value": 0.015646554849209755
    }, 
    "Ar37": {
        "error": 0.044669160404730741, 
        "fit": "linear", 
        "value": 0.095332325733608392
    }, 
    "Ar38": {
        "error": 0.017801627418446604, 
        "fit": "linear", 
        "value": 0.29926116352436594
    }, 
    "Ar39": {
        "error": 0.068317423005058664, 
        "fit": "Parabolic", 
        "value": 28.425674102118069
    }, 
    "Ar40": {
        "error": 0.064061321026865042, 
        "fit": "Parabolic", 
        "value": 39.137056562760165
    }, 
    "Ar41": {
        "error": 0.10959277181556673, 
        "fit": "linear", 
        "value": 0.044979305513041405
    }
}