{
    "Ar36": {
        "error": 0.0014880691946105751, 
        "fit": "Parabolic", 
        "value": 0.015682811578438711
    }, 
    "Ar37": {
        "error": 0.045920014705117224, 
        "fit": "linear", 
        "value": 0.097811644228264577
    }, 
    "Ar38": {
        "error": 0.020307972827169563, 
        "fit": "linear", 
        "value": 0.29350031820345351
    }, 
    "Ar39": {
        "error": 0.065737613869850886, 
        "fit": "Parabolic", 
        "value": 28.093911717139008
    }, 
    "Ar40": {
        "error": 0.05763572723419616, 
        "fit": "Parabolic", 
        "value": 38.478662041952759
    }, 
    "Ar41": {
        "error": 0.10750856326743442, 
        "fit": "linear", 
        "value": 0.025860811028180431
    }
}