{
    "Ar36": {
        "error": 0.0018736552044029261, 
        "fit": "Parabolic", 
        "value": 0.025575058538587395
    }, 
    "Ar37": {
        "error": 0.04721840179117047, 
        "fit": "linear", 
        "value": 0.084535261217488389
    }, 
    "Ar38": {
        "error": 0.020547144529043861, 
        "fit": "linear", 
        "value": 0.24032873852068629
    }, 
    "Ar39": {
        "error": 0.063042052002899002, 
        "fit": "Parabolic", 
        "value": 22.79375292949301
    }, 
    "Ar40": {
        "error": 0.062223166757985754, 
        "fit": "Parabolic", 
        "value": 36.331186827515467
    }, 
    "Ar41": {
        "error": 0.10447321094078439, 
        "fit": "linear", 
        "value": -0.21262380688752902
    }
}