{
    "Ar36": {
        "error": 0.0033084476872253551, 
        "fit": "Parabolic", 
        "value": 0.099403321253144161
    }, 
    "Ar37": {
        "error": 0.04594931738746609, 
        "fit": "linear", 
        "value": 0.03046970803722808
    }, 
    "Ar38": {
        "error": 0.018722374153626802, 
        "fit": "linear", 
        "value": 0.06859448102282667
    }, 
    "Ar39": {
        "error": 0.056694574078598112, 
        "fit": "Parabolic", 
        "value": 7.4355481212914123
    }, 
    "Ar40": {
        "error": 0.061283007349209689, 
        "fit": "Parabolic", 
        "value": 39.390899432497442
    }, 
    "Ar41": {
        "error": 0.099146630443721198, 
        "fit": "linear", 
        "value": -0.17953651929952594
    }
}