{
    "Ar36": {
        "error": 0.0014914734758419623, 
        "fit": "Parabolic", 
        "value": 0.015295344051512687
    }, 
    "Ar37": {
        "error": 0.046182364581723041, 
        "fit": "linear", 
        "value": 0.018827578967993849
    }, 
    "Ar38": {
        "error": 0.021768891532396535, 
        "fit": "linear", 
        "value": 0.0040520227371347315
    }, 
    "Ar39": {
        "error": 0.052963148972777929, 
        "fit": "Parabolic", 
        "value": 3.3774869037021129
    }, 
    "Ar40": {
        "error": 0.044700103672551054, 
        "fit": "Parabolic", 
        "value": 8.7499359514907216
    }, 
    "Ar41": {
        "error": 0.11181663898540338, 
        "fit": "linear", 
        "value": -0.17955138692578465
    }
}