{
    "Ar36": {
        "error": 0.0018253050851966021, 
        "fit": "Parabolic", 
        "value": 0.024987254621950165
    }, 
    "Ar37": {
        "error": 0.049990866852625278, 
        "fit": "linear", 
        "value": 0.086290841231366058
    }, 
    "Ar38": {
        "error": 0.019634829620961084, 
        "fit": "linear", 
        "value": 0.25360685112861669
    }, 
    "Ar39": {
        "error": 0.063895336540668771, 
        "fit": "Parabolic", 
        "value": 23.722766672335894
    }, 
    "Ar40": {
        "error": 0.062004104467469762, 
        "fit": "Parabolic", 
        "value": 37.060026088325465
    }, 
    "Ar41": {
        "error": 0.1085461216681527, 
        "fit": "linear", 
        "value": 0.054055496785682798
    }
}