{
    "Ar36": {
        "error": 0.0014623098755725697, 
        "fit": "Parabolic", 
        "value": 0.017109009682708089
    }, 
    "Ar37": {
        "error": 0.047266420344485353, 
        "fit": "linear", 
        "value": 0.089092928747231764
    }, 
    "Ar38": {
        "error": 0.02104944218339759, 
        "fit": "linear", 
        "value": 0.23711749182691416
    }, 
    "Ar39": {
        "error": 0.061616040219140508, 
        "fit": "Parabolic", 
        "value": 22.727983442512599
    }, 
    "Ar40": {
        "error": 0.062527991332090804, 
        "fit": "Parabolic", 
        "value": 33.071181582082687
    }, 
    "Ar41": {
        "error": 0.1073580272768192, 
        "fit": "linear", 
        "value": -0.21132359008726753
    }
}