{
    "AX": {
        "error": 0.06418647021596705, 
        "fit": "average_SEM", 
        "value": -0.02783373315372349
    }, 
    "CDD": {
        "error": 5.163224680370829e-05, 
        "fit": "average_SEM", 
        "value": 1.943367169587873e-05
    }, 
    "H1": {
        "error": 0.13097384853406993, 
        "fit": "average_SEM", 
        "value": 0.04544422866068392
    }, 
    "H2": {
        "error": 0.12338780286992611, 
        "fit": "average_SEM", 
        "value": 0.23457839160303895
    }, 
    "L1": {
        "error": 0.1684456450049816, 
        "fit": "average_SEM", 
        "value": -0.09235209498632078
    }, 
    "L2": {
        "error": 0.143582657212899, 
        "fit": "average_SEM", 
        "value": -0.045923998624978896
    }
}