{
    "AX": {
        "error": 0.05710086981525154, 
        "fit": "average_SEM", 
        "value": -0.01617143566084754
    }, 
    "CDD": {
        "error": 4.504953748217625e-05, 
        "fit": "average_SEM", 
        "value": 1.42513592436444e-05
    }, 
    "H1": {
        "error": 0.13602065531168603, 
        "fit": "average_SEM", 
        "value": 0.011261025083755764
    }, 
    "H2": {
        "error": 0.1350463158723744, 
        "fit": "average_SEM", 
        "value": -0.047630221873987466
    }, 
    "L1": {
        "error": 0.2089348358072167, 
        "fit": "average_SEM", 
        "value": -0.12081682609248977
    }, 
    "L2": {
        "error": 0.13686473895086107, 
        "fit": "average_SEM", 
        "value": -0.06291766039212235
    }
}