{
    "Ar36": {
        "error": 0.0048988257074477747, 
        "fit": "Parabolic", 
        "value": 0.22191253045111661
    }, 
    "Ar37": {
        "error": 0.048075377953920292, 
        "fit": "linear", 
        "value": 0.0061552542132327307
    }, 
    "Ar38": {
        "error": 0.020072761696851574, 
        "fit": "linear", 
        "value": -6.557263691037286e-05
    }, 
    "Ar39": {
        "error": 0.048826311256694538, 
        "fit": "Parabolic", 
        "value": -0.16166270404293939
    }, 
    "Ar40": {
        "error": 0.067543402597340096, 
        "fit": "Parabolic", 
        "value": 67.462324581156224
    }, 
    "Ar41": {
        "error": 0.10752709976955954, 
        "fit": "linear", 
        "value": 0.048515477631029182
    }
}