{
    "Ar36": {
        "error": 0.0049744719849627037, 
        "fit": "Parabolic", 
        "value": 0.22467233409322623
    }, 
    "Ar37": {
        "error": 0.0486512522141333, 
        "fit": "linear", 
        "value": 0.0098233573321990768
    }, 
    "Ar38": {
        "error": 0.019973851701283105, 
        "fit": "linear", 
        "value": 0.0097829139774101032
    }, 
    "Ar39": {
        "error": 0.051720099939395553, 
        "fit": "Parabolic", 
        "value": -0.14201432683343573
    }, 
    "Ar40": {
        "error": 0.073712684591229233, 
        "fit": "Parabolic", 
        "value": 68.361965488025874
    }, 
    "Ar41": {
        "error": 0.1110218499017479, 
        "fit": "linear", 
        "value": -0.22459331774970814
    }
}